UAGUGGUUAUCACUUUCGGUUUUGAUCCGGA,1
AUCAAGUGUAGUAUCUGUUCUUUUCAGUGUA,1
UGGAUUCAGAACUAAUUCCUUUGUUGGUACU,0
UGCAGCACAAAUUUGUAGACAGGCUGGUUUG,1
GUUAAUGCGGGAAGAUUACAUUGCCUUGAAA,0
CUGUUCUUUUCAGUGUAACAACUGAAAUGAC,1
UUCAUCUCUAAAAUUUAGAUAUGGACGUUUG,0
UCUGGGAGUGGUAAAUCUACUGACCAUCUUC,0
CUUUUUUAAUGUCCGUUUCUAUGAUUGGGCU,1
AGGGUCAAAUCUUCGUUGACCGUCAAUUACA,1
GGUUCGUUUUAUUGAUAGAAAACAGGACAGU,0
UAUUUCUGCCAAUUCUUCCUUUAACUGUGAC,0
CCUGCUUAUUGUGGGUUGUCCCGCCAUUAUU,0
UCUUUCAAAAACGCUUGAUUUGCUGGCACCU,0
CAGAAUGGGCGCUUGUCGCGUGCCAGAUCGG,1
UCGUAAUUUGAGAUCUCUGCAAAACAAUGCA,0
AAGUGUAGUAUCUGUUCUUUUCAGUGUAACA,1
UAGUGGUUAUCACUUUCGGUUUUGAUCCGGA,1
AAACGAUGAUGAAAUUGAUGAGGCUGAUCCA,0
UAAGCGCAAGUGGUUUAGUGGUAAAAUCCAA,1
CUAUCAUCGCUGAUCUCCCACUCCCUGAUCU,1
GGAUUCCUUCCGCAAUUCUUCUGAAAUACUG,0
UAGACAGGUCGUCCGUAGAUAUUUACAUAAA,0
GGUUAAGGCGAAAGAUUAGAAAUCUUUUGGG,1
AACUCCAGUUCUUUAUCUUCUUUCUCCGCUG,1
UUUCGCUACAUGUAAUGGAAGAUCAUCUGUA,0
UAUUGUGACACUGUAUCAUUCCUUUCAAACC,0
CACUUUUCAUUGAUCUAUUUGAUAAAUCUGC,0
GGUUAAGGCGAAAGAUUAGAAAUCUUUUGGG,1
CACUAGAGUCCAAUCUACGCGACUUAUUGCA,0
CGUAGAUGUUUGUUGUUCACCCACAACUGAA,1
CCAGUGCGUCUACUAUUACUCGGCCAAAUAU,1
CACUUUCGGUUUUGAUCCGGACAACCCCGGU,1
UCUUCCGUGAUAGUUUAAUGGUCAGAAUGGG,1
AGGUACGCAUAAGCGUGAACCCCGGUCGACG,0
UGAUAUUAACGAAAAUGAAGAGCUCCAAAAU,0
GCAAUCGGUAGCGCGUAUGACUCUUAAUCAU,1
GUUCCAAGACAUUACUGUCGAACCUCAAUCC,0
GGUAUGUUAUUUAUGUAACGGGUAUGCGAAC,1
UCAUUGUUCUUGGAUUUCAAUGGGUGCUGUC,1
GCGAAAGAUUAGAAAUCUUUUGGGCUUUGCC,1
CAGGUCCUUCACCUGUUUGUCCAAGGGAGUA,0
CUUUCUCAUACCCUGUAGACCAGACCUCUCU,1
AAUUGAUCUAUGUUGUAGCUGCGCUGGCGGC,1
UGUAGUAUCUGUUCUUUUCAGUGUAACAACU,1
UUUUGCGAUUAUGGCUUGUUGACCAUUCACA,0
CUACUCUGAAAAUUAUACCUACGGAAAAAUU,0
UUGCUUUGUGGAAGUUCGAAACUCCAAAGUA,1
AAACAAGCAAGAUCUUCCCAUACCGUUUCCC,0
CCGGACAACCCCGGUUCGAAUCCGGGUAGGA,1
GGUACUGGACGAGAAUCGCAGAACAAUUUGA,1
ACCAUUCACAAAAGUUGGUCUAACAUAAUUU,0
AGUGGUUUCCUAGUGUAUCAGCCACUAUCGG,1
ACCGUUUCCCCUGCAUGUAGAAUGCAACGAU,0
GAUAAUUGGAUUUCUUGCAUUUUUUGCGAUU,0
AACCAAGUCAUUCGGUAACAAGUUCCAAGAC,0
CGCCAUUAUUGUUAAUAGAUUCAACAAAAUA,0
UGAGUGAUGGAAGUGUAGUUAUCCGGAGAUC,1
CCUUAUUAACGGAGAUUUGAUUUCUCCCAGC,0
AUUUGGCCAUUCAACUUCAUAAGUGGUCGGU,0
CGUUGGGCCCCCGGUUCGAUUCCGGGCUUGC,1
CUUCUUCAAAAAAGUUCAGUGGUCGUUCUUA,0
UCAAUAACCAGGAGUUUCAAAAACAAACAGG,0
CUCGCCAGUUUUUUGUUCUUCCACGUAAUCC,0
CUCCUGCUUGUGUAUUAAAGGACAUGAAAUA,0
GAAAAAAGUUCAGAAUUGCAGAAAAGUGGUG,1
AGGAUUACUUGGACAUUAACGGUUCUCCUAU,1
GGAAGUUUCGAAGAAUUGUAAAGACCUGAUA,0
CUGGUAUAUUCUAUAUACUCACUUAUUACUU,1
AUUGUUCGAAGGUAAUGCCUUGAUCAGAAGA,1
AGAAAAGCACAGACCUUAUUGAGCUUUUGAA,0
UGGUAAAAUCCAACGUUGCCAUCGUUGGGCC,1
AUAUAAUAUCAUUUAUUGUCUGAUAAUGCUG,0
GUGCCAGAUCGGGGUUCAAUUCCCCGUCGCG,1
UCUGCCCGCGCUGGUUCAAAUCCUGCUGGUG,1
UGGACGUUUGAGAUAUUUUCGUAUUUCUGCC,0
CUGUUGGUCCUUAGUUCGAUCCUGAGUGCGA,1
AUGGUGUGGUCACUGUAAGAGAUUGGCCCCA,1
GAACGUCAAUUCUUGUUCGUUGUCCGCAAGC,0
CGCAAGAUCGUGAGUUCAACCCUCACUGGGG,1
GCCCGUUUACACAUUUUGAUACAACCGUAGA,1
UGAUGACUUGAAAUGUUCUGACAGGUAAGAU,0
GUGGAGAUCAUCGGUUCAAAUCCGAUUGGAA,1
AAGGUCGAAAAAGUUUCAGGCAGUUUCUCAG,1
GGUUAUCACUUUCGGUUUUGAUCCGGACAAC,1
AUCAAAGAGCAGUGGUACUACAGAUGCGUCA,0
AAUGGCUCUUUUUGUUAUUCGAAAGCUUACA,1
UCCUUUUAUAUUGUCUUGCAAUAAACACCCG,0
ACUUAUUGCAUUCCUUGGAAGGUGAAAGUCU,0
UUUAUCAUUGAAAAUUCACGUGAUCGCAAUA,0
UACUUGUUUUCUUUUUUGUGCCUUUGUUACG,1
GCUUUCCCUUUGAAUUUUUAUUAUACCCUCU,0
AGGGGACUUUCUGGCUUUUUUUUUUACGAAA,0
CCUGAGUAAUGGAUCUUUGAAUGAUAUUAAC,0
UUCUGGUAUAUUCUAUAUACUCACUUAUUAC,1
GAAGAGGUCAUCGGUUCGAUUCCGGUUGCGU,1
GAUUUUACCGUUUUCUGGGGACAUCAUGAUA,0
UUAUCCGAUAUAGUGUAACGGCUAUCACAUC,1
AAACGAGAAAGUGAAUGAAAAAUAUAAUAUC,0
AAACAAUGCACCUCCUGGCAAAAACAUCAAU,0
CGGGAGGUCCCGGGUUCGAGUCCCGGCUCGC,1
AGAAAAAGCCAAUGAUGAGAUACAAGCCAUU,1
UAAGUCCUUGUAAUAUUCUAGCUUUUGAGUC,0
GCCGAUCUGUGCCAUUAUAGUAAGCAGUGCC,0
GGACACUUCUGAUGUUUCAAAAGAUAUUCCA,1
ACAAAGGUCUUCCUAUGAUUCCGGCGUUCGU,1
GUGUAGUAUCUGUUCUUUUCAGUGUAACAAC,1
CGUAGGUAAAGUGUAUUUAGUGAGGGAACGC,0
AUACUAUUCAGUUUCUCAGAUAUAGGUUGCA,1
CAUUAGUCAAAGAAAUGAAGCGGUUCGUUUU,0
CUAGCGCAAGUGGUUUAGUGGUAAAAUCCAA,1
GAAACAAGAUUUCUGUAGCAUACUCGCUUCA,1
AAUUUGCGAAGGAUUUACCGAAGAAAAGCAC,0
UCGUCAUUGCACAAAUUAGUUUAUUAUUCAC,0
GAUUCUCGCUUAGGGUGCGGGAGGUCCCGGG,1
CGUCAAAUUUCCACAUGAUAAGGAAGUUUCG,0
CCGGUCGACGAUACAUACAGAGCUGUUACAA,0
GCAGCAGAUUGCAAAUCUGUUGGUCCUUAGU,1
CAAGUGUAGUAUCUGUUCUUUUCAGUGUAAC,1
AAACAUCAAUGUCAAUUGUUUGAACGUCAAU,0
GUAAGAUGCAAGAGUUCGAAUCUCUUAGCAA,1
AUUCUUUUUUUGAUGUAAUAGGAUAAGCUUG,1
AUCAAUGUUUAAUCAUAACAGAUCAAAGAGC,0
GAGGAGAUCUCGUCGUUUAAGAACCAAGUCA,0
UGUUGCCGCUAAGUGUAAGGAAGUCGGUAUC,1
UCUCAACAUUCUUAAUCCAAACGAUGUCCUU,0
